강의실,요일,시간,합계
국제교육관,월,1,0
국제교육관,월,2,35
국제교육관,월,3,0
국제교육관,월,4,50
국제교육관,월,5,0
국제교육관,월,6,55
국제교육관,월,7,0
국제교육관,월,8,40
국제교육관,월,9,0
국제교육관,월,10,0
국제교육관,월,11,0
국제교육관,월,12,0
국제교육관,월,13,0
국제교육관,월,14,0
국제교육관,월,15,0
국제교육관,화,1,14
국제교육관,화,2,90
국제교육관,화,3,14
국제교육관,화,4,90
국제교육관,화,5,0
국제교육관,화,6,128
국제교육관,화,7,0
국제교육관,화,8,128
국제교육관,화,9,6
국제교육관,화,10,0
국제교육관,화,11,0
국제교육관,화,12,0
국제교육관,화,13,0
국제교육관,화,14,0
국제교육관,화,15,0
국제교육관,수,1,115
국제교육관,수,2,0
국제교육관,수,3,115
국제교육관,수,4,0
국제교육관,수,5,0
국제교육관,수,6,113
국제교육관,수,7,14
국제교육관,수,8,99
국제교육관,수,9,0
국제교육관,수,10,0
국제교육관,수,11,0
국제교육관,수,12,0
국제교육관,수,13,0
국제교육관,수,14,0
국제교육관,수,15,0
국제교육관,목,1,85
국제교육관,목,2,29
국제교육관,목,3,114
국제교육관,목,4,0
국제교육관,목,5,32
국제교육관,목,6,70
국제교육관,목,7,0
국제교육관,목,8,38
국제교육관,목,9,0
국제교육관,목,10,0
국제교육관,목,11,0
국제교육관,목,12,0
국제교육관,목,13,0
국제교육관,목,14,0
국제교육관,목,15,0
국제교육관,금,1,0
국제교육관,금,2,30
국제교육관,금,3,0
국제교육관,금,4,30
국제교육관,금,5,0
국제교육관,금,6,0
국제교육관,금,7,0
국제교육관,금,8,0
국제교육관,금,9,0
국제교육관,금,10,0
국제교육관,금,11,0
국제교육관,금,12,0
국제교육관,금,13,0
국제교육관,금,14,0
국제교육관,금,15,0
국제교육관,토,1,0
국제교육관,토,2,0
국제교육관,토,3,0
국제교육관,토,4,0
국제교육관,토,5,0
국제교육관,토,6,0
국제교육관,토,7,0
국제교육관,토,8,0
국제교육관,토,9,0
국제교육관,토,10,0
국제교육관,토,11,0
국제교육관,토,12,0
국제교육관,토,13,0
국제교육관,토,14,0
국제교육관,토,15,0
국제교육관,일,1,0
국제교육관,일,2,0
국제교육관,일,3,0
국제교육관,일,4,0
국제교육관,일,5,0
국제교육관,일,6,0
국제교육관,일,7,0
국제교육관,일,8,0
국제교육관,일,9,0
국제교육관,일,10,0
국제교육관,일,11,0
국제교육관,일,12,0
국제교육관,일,13,0
국제교육관,일,14,0
국제교육관,일,15,0
다니엘관,월,1,250
다니엘관,월,2,447
다니엘관,월,3,230
다니엘관,월,4,374
다니엘관,월,5,497
다니엘관,월,6,566
다니엘관,월,7,464
다니엘관,월,8,340
다니엘관,월,9,154
다니엘관,월,10,9
다니엘관,월,11,9
다니엘관,월,12,0
다니엘관,월,13,0
다니엘관,월,14,0
다니엘관,월,15,0
다니엘관,화,1,203
다니엘관,화,2,376
다니엘관,화,3,300
다니엘관,화,4,391
다니엘관,화,5,385
다니엘관,화,6,345
다니엘관,화,7,302
다니엘관,화,8,204
다니엘관,화,9,38
다니엘관,화,10,2
다니엘관,화,11,6
다니엘관,화,12,0
다니엘관,화,13,4
다니엘관,화,14,0
다니엘관,화,15,0
다니엘관,수,1,172
다니엘관,수,2,326
다니엘관,수,3,227
다니엘관,수,4,317
다니엘관,수,5,462
다니엘관,수,6,436
다니엘관,수,7,618
다니엘관,수,8,390
다니엘관,수,9,272
다니엘관,수,10,134
다니엘관,수,11,0
다니엘관,수,12,228
다니엘관,수,13,0
다니엘관,수,14,168
다니엘관,수,15,0
다니엘관,목,1,110
다니엘관,목,2,258
다니엘관,목,3,164
다니엘관,목,4,318
다니엘관,목,5,276
다니엘관,목,6,267
다니엘관,목,7,483
다니엘관,목,8,215
다니엘관,목,9,246
다니엘관,목,10,33
다니엘관,목,11,0
다니엘관,목,12,200
다니엘관,목,13,0
다니엘관,목,14,200
다니엘관,목,15,0
다니엘관,금,1,64
다니엘관,금,2,47
다니엘관,금,3,71
다니엘관,금,4,52
다니엘관,금,5,43
다니엘관,금,6,44
다니엘관,금,7,30
다니엘관,금,8,33
다니엘관,금,9,0
다니엘관,금,10,0
다니엘관,금,11,0
다니엘관,금,12,0
다니엘관,금,13,0
다니엘관,금,14,0
다니엘관,금,15,0
다니엘관,토,1,0
다니엘관,토,2,0
다니엘관,토,3,0
다니엘관,토,4,0
다니엘관,토,5,0
다니엘관,토,6,0
다니엘관,토,7,0
다니엘관,토,8,0
다니엘관,토,9,0
다니엘관,토,10,0
다니엘관,토,11,0
다니엘관,토,12,0
다니엘관,토,13,0
다니엘관,토,14,0
다니엘관,토,15,0
다니엘관,일,1,0
다니엘관,일,2,0
다니엘관,일,3,0
다니엘관,일,4,0
다니엘관,일,5,0
다니엘관,일,6,0
다니엘관,일,7,0
다니엘관,일,8,0
다니엘관,일,9,0
다니엘관,일,10,0
다니엘관,일,11,0
다니엘관,일,12,0
다니엘관,일,13,0
다니엘관,일,14,0
다니엘관,일,15,0
디자인관,월,1,113
디자인관,월,2,33
디자인관,월,3,80
디자인관,월,4,0
디자인관,월,5,94
디자인관,월,6,31
디자인관,월,7,20
디자인관,월,8,0
디자인관,월,9,56
디자인관,월,10,27
디자인관,월,11,0
디자인관,월,12,0
디자인관,월,13,0
디자인관,월,14,0
디자인관,월,15,0
디자인관,화,1,49
디자인관,화,2,0
디자인관,화,3,49
디자인관,화,4,0
디자인관,화,5,69
디자인관,화,6,0
디자인관,화,7,0
디자인관,화,8,0
디자인관,화,9,69
디자인관,화,10,0
디자인관,화,11,0
디자인관,화,12,0
디자인관,화,13,0
디자인관,화,14,0
디자인관,화,15,0
디자인관,수,1,73
디자인관,수,2,13
디자인관,수,3,84
디자인관,수,4,21
디자인관,수,5,12
디자인관,수,6,21
디자인관,수,7,30
디자인관,수,8,4
디자인관,수,9,22
디자인관,수,10,0
디자인관,수,11,0
디자인관,수,12,0
디자인관,수,13,0
디자인관,수,14,0
디자인관,수,15,0
디자인관,목,1,75
디자인관,목,2,0
디자인관,목,3,75
디자인관,목,4,0
디자인관,목,5,66
디자인관,목,6,0
디자인관,목,7,6
디자인관,목,8,3
디자인관,목,9,30
디자인관,목,10,27
디자인관,목,11,0
디자인관,목,12,0
디자인관,목,13,0
디자인관,목,14,0
디자인관,목,15,0
디자인관,금,1,16
디자인관,금,2,0
디자인관,금,3,16
디자인관,금,4,0
디자인관,금,5,64
디자인관,금,6,0
디자인관,금,7,0
디자인관,금,8,1
디자인관,금,9,63
디자인관,금,10,0
디자인관,금,11,0
디자인관,금,12,0
디자인관,금,13,0
디자인관,금,14,0
디자인관,금,15,0
디자인관,토,1,0
디자인관,토,2,0
디자인관,토,3,0
디자인관,토,4,0
디자인관,토,5,0
디자인관,토,6,0
디자인관,토,7,0
디자인관,토,8,0
디자인관,토,9,0
디자인관,토,10,0
디자인관,토,11,0
디자인관,토,12,0
디자인관,토,13,0
디자인관,토,14,0
디자인관,토,15,0
디자인관,일,1,0
디자인관,일,2,0
디자인관,일,3,0
디자인관,일,4,0
디자인관,일,5,0
디자인관,일,6,0
디자인관,일,7,0
디자인관,일,8,0
디자인관,일,9,0
디자인관,일,10,0
디자인관,일,11,0
디자인관,일,12,0
디자인관,일,13,0
디자인관,일,14,0
디자인관,일,15,0
바울관,월,1,215
바울관,월,2,39
바울관,월,3,236
바울관,월,4,330
바울관,월,5,162
바울관,월,6,211
바울관,월,7,120
바울관,월,8,229
바울관,월,9,42
바울관,월,10,0
바울관,월,11,0
바울관,월,12,0
바울관,월,13,0
바울관,월,14,0
바울관,월,15,0
바울관,화,1,152
바울관,화,2,191
바울관,화,3,344
바울관,화,4,171
바울관,화,5,164
바울관,화,6,229
바울관,화,7,128
바울관,화,8,111
바울관,화,9,100
바울관,화,10,0
바울관,화,11,0
바울관,화,12,0
바울관,화,13,0
바울관,화,14,0
바울관,화,15,0
바울관,수,1,0
바울관,수,2,95
바울관,수,3,0
바울관,수,4,95
바울관,수,5,0
바울관,수,6,196
바울관,수,7,25
바울관,수,8,196
바울관,수,9,25
바울관,수,10,0
바울관,수,11,0
바울관,수,12,0
바울관,수,13,0
바울관,수,14,0
바울관,수,15,2
바울관,목,1,33
바울관,목,2,159
바울관,목,3,62
바울관,목,4,159
바울관,목,5,29
바울관,목,6,132
바울관,목,7,25
바울관,목,8,112
바울관,목,9,45
바울관,목,10,0
바울관,목,11,0
바울관,목,12,10
바울관,목,13,0
바울관,목,14,0
바울관,목,15,0
바울관,금,1,0
바울관,금,2,56
바울관,금,3,0
바울관,금,4,78
바울관,금,5,1
바울관,금,6,67
바울관,금,7,1
바울관,금,8,45
바울관,금,9,0
바울관,금,10,0
바울관,금,11,0
바울관,금,12,0
바울관,금,13,0
바울관,금,14,0
바울관,금,15,0
바울관,토,1,0
바울관,토,2,0
바울관,토,3,0
바울관,토,4,0
바울관,토,5,0
바울관,토,6,0
바울관,토,7,0
바울관,토,8,0
바울관,토,9,0
바울관,토,10,0
바울관,토,11,0
바울관,토,12,0
바울관,토,13,0
바울관,토,14,0
바울관,토,15,0
바울관,일,1,0
바울관,일,2,0
바울관,일,3,0
바울관,일,4,0
바울관,일,5,0
바울관,일,6,0
바울관,일,7,0
바울관,일,8,0
바울관,일,9,0
바울관,일,10,0
바울관,일,11,0
바울관,일,12,0
바울관,일,13,0
바울관,일,14,0
바울관,일,15,0
사무엘관,월,1,31
사무엘관,월,2,68
사무엘관,월,3,38
사무엘관,월,4,67
사무엘관,월,5,61
사무엘관,월,6,53
사무엘관,월,7,26
사무엘관,월,8,16
사무엘관,월,9,0
사무엘관,월,10,0
사무엘관,월,11,0
사무엘관,월,12,0
사무엘관,월,13,0
사무엘관,월,14,0
사무엘관,월,15,0
사무엘관,화,1,52
사무엘관,화,2,104
사무엘관,화,3,34
사무엘관,화,4,26
사무엘관,화,5,127
사무엘관,화,6,64
사무엘관,화,7,27
사무엘관,화,8,14
사무엘관,화,9,0
사무엘관,화,10,0
사무엘관,화,11,0
사무엘관,화,12,0
사무엘관,화,13,0
사무엘관,화,14,0
사무엘관,화,15,0
사무엘관,수,1,50
사무엘관,수,2,47
사무엘관,수,3,70
사무엘관,수,4,95
사무엘관,수,5,41
사무엘관,수,6,43
사무엘관,수,7,22
사무엘관,수,8,14
사무엘관,수,9,0
사무엘관,수,10,0
사무엘관,수,11,0
사무엘관,수,12,0
사무엘관,수,13,0
사무엘관,수,14,0
사무엘관,수,15,0
사무엘관,목,1,30
사무엘관,목,2,46
사무엘관,목,3,30
사무엘관,목,4,46
사무엘관,목,5,0
사무엘관,목,6,36
사무엘관,목,7,0
사무엘관,목,8,36
사무엘관,목,9,0
사무엘관,목,10,0
사무엘관,목,11,0
사무엘관,목,12,0
사무엘관,목,13,0
사무엘관,목,14,0
사무엘관,목,15,0
사무엘관,금,1,19
사무엘관,금,2,18
사무엘관,금,3,19
사무엘관,금,4,48
사무엘관,금,5,0
사무엘관,금,6,30
사무엘관,금,7,0
사무엘관,금,8,0
사무엘관,금,9,0
사무엘관,금,10,0
사무엘관,금,11,0
사무엘관,금,12,0
사무엘관,금,13,0
사무엘관,금,14,0
사무엘관,금,15,0
사무엘관,토,1,0
사무엘관,토,2,0
사무엘관,토,3,0
사무엘관,토,4,0
사무엘관,토,5,0
사무엘관,토,6,0
사무엘관,토,7,0
사무엘관,토,8,0
사무엘관,토,9,0
사무엘관,토,10,0
사무엘관,토,11,0
사무엘관,토,12,0
사무엘관,토,13,0
사무엘관,토,14,0
사무엘관,토,15,0
사무엘관,일,1,0
사무엘관,일,2,0
사무엘관,일,3,0
사무엘관,일,4,0
사무엘관,일,5,0
사무엘관,일,6,0
사무엘관,일,7,0
사무엘관,일,8,0
사무엘관,일,9,0
사무엘관,일,10,0
사무엘관,일,11,0
사무엘관,일,12,0
사무엘관,일,13,0
사무엘관,일,14,0
사무엘관,일,15,0
신학관,월,1,46
신학관,월,2,0
신학관,월,3,46
신학관,월,4,0
신학관,월,5,49
신학관,월,6,0
신학관,월,7,49
신학관,월,8,8
신학관,월,9,0
신학관,월,10,8
신학관,월,11,0
신학관,월,12,0
신학관,월,13,0
신학관,월,14,0
신학관,월,15,0
신학관,화,1,38
신학관,화,2,0
신학관,화,3,38
신학관,화,4,0
신학관,화,5,56
신학관,화,6,0
신학관,화,7,56
신학관,화,8,0
신학관,화,9,0
신학관,화,10,0
신학관,화,11,0
신학관,화,12,0
신학관,화,13,0
신학관,화,14,0
신학관,화,15,0
신학관,수,1,106
신학관,수,2,0
신학관,수,3,0
신학관,수,4,0
신학관,수,5,66
신학관,수,6,0
신학관,수,7,66
신학관,수,8,0
신학관,수,9,2
신학관,수,10,0
신학관,수,11,0
신학관,수,12,0
신학관,수,13,0
신학관,수,14,0
신학관,수,15,0
신학관,목,1,55
신학관,목,2,0
신학관,목,3,55
신학관,목,4,0
신학관,목,5,22
신학관,목,6,0
신학관,목,7,22
신학관,목,8,0
신학관,목,9,52
신학관,목,10,0
신학관,목,11,0
신학관,목,12,0
신학관,목,13,0
신학관,목,14,0
신학관,목,15,0
신학관,금,1,9
신학관,금,2,0
신학관,금,3,9
신학관,금,4,0
신학관,금,5,3
신학관,금,6,0
신학관,금,7,3
신학관,금,8,0
신학관,금,9,0
신학관,금,10,0
신학관,금,11,0
신학관,금,12,0
신학관,금,13,0
신학관,금,14,0
신학관,금,15,0
신학관,토,1,0
신학관,토,2,0
신학관,토,3,0
신학관,토,4,0
신학관,토,5,0
신학관,토,6,0
신학관,토,7,0
신학관,토,8,0
신학관,토,9,0
신학관,토,10,0
신학관,토,11,0
신학관,토,12,0
신학관,토,13,0
신학관,토,14,0
신학관,토,15,0
신학관,일,1,0
신학관,일,2,0
신학관,일,3,0
신학관,일,4,0
신학관,일,5,0
신학관,일,6,0
신학관,일,7,0
신학관,일,8,0
신학관,일,9,0
신학관,일,10,0
신학관,일,11,0
신학관,일,12,0
신학관,일,13,0
신학관,일,14,0
신학관,일,15,0
아트관,월,1,41
아트관,월,2,0
아트관,월,3,41
아트관,월,4,0
아트관,월,5,37
아트관,월,6,0
아트관,월,7,37
아트관,월,8,0
아트관,월,9,0
아트관,월,10,0
아트관,월,11,0
아트관,월,12,0
아트관,월,13,0
아트관,월,14,0
아트관,월,15,0
아트관,화,1,73
아트관,화,2,0
아트관,화,3,73
아트관,화,4,0
아트관,화,5,85
아트관,화,6,0
아트관,화,7,85
아트관,화,8,0
아트관,화,9,0
아트관,화,10,0
아트관,화,11,0
아트관,화,12,0
아트관,화,13,0
아트관,화,14,0
아트관,화,15,0
아트관,수,1,23
아트관,수,2,31
아트관,수,3,54
아트관,수,4,0
아트관,수,5,92
아트관,수,6,40
아트관,수,7,52
아트관,수,8,0
아트관,수,9,0
아트관,수,10,0
아트관,수,11,0
아트관,수,12,0
아트관,수,13,0
아트관,수,14,0
아트관,수,15,0
아트관,목,1,71
아트관,목,2,0
아트관,목,3,71
아트관,목,4,0
아트관,목,5,68
아트관,목,6,0
아트관,목,7,68
아트관,목,8,0
아트관,목,9,0
아트관,목,10,0
아트관,목,11,0
아트관,목,12,0
아트관,목,13,0
아트관,목,14,0
아트관,목,15,0
아트관,금,1,66
아트관,금,2,15
아트관,금,3,66
아트관,금,4,15
아트관,금,5,67
아트관,금,6,0
아트관,금,7,67
아트관,금,8,0
아트관,금,9,0
아트관,금,10,0
아트관,금,11,0
아트관,금,12,0
아트관,금,13,0
아트관,금,14,0
아트관,금,15,0
아트관,토,1,0
아트관,토,2,0
아트관,토,3,0
아트관,토,4,0
아트관,토,5,0
아트관,토,6,0
아트관,토,7,0
아트관,토,8,0
아트관,토,9,0
아트관,토,10,0
아트관,토,11,0
아트관,토,12,0
아트관,토,13,0
아트관,토,14,0
아트관,토,15,0
아트관,일,1,0
아트관,일,2,0
아트관,일,3,0
아트관,일,4,0
아트관,일,5,0
아트관,일,6,0
아트관,일,7,0
아트관,일,8,0
아트관,일,9,0
아트관,일,10,0
아트관,일,11,0
아트관,일,12,0
아트관,일,13,0
아트관,일,14,0
아트관,일,15,0
에스라관,월,1,13
에스라관,월,2,43
에스라관,월,3,13
에스라관,월,4,43
에스라관,월,5,36
에스라관,월,6,60
에스라관,월,7,57
에스라관,월,8,81
에스라관,월,9,0
에스라관,월,10,0
에스라관,월,11,0
에스라관,월,12,0
에스라관,월,13,0
에스라관,월,14,0
에스라관,월,15,0
에스라관,화,1,0
에스라관,화,2,87
에스라관,화,3,0
에스라관,화,4,87
에스라관,화,5,62
에스라관,화,6,47
에스라관,화,7,42
에스라관,화,8,27
에스라관,화,9,16
에스라관,화,10,0
에스라관,화,11,0
에스라관,화,12,0
에스라관,화,13,4
에스라관,화,14,0
에스라관,화,15,4
에스라관,수,1,0
에스라관,수,2,56
에스라관,수,3,0
에스라관,수,4,26
에스라관,수,5,10
에스라관,수,6,77
에스라관,수,7,10
에스라관,수,8,77
에스라관,수,9,0
에스라관,수,10,0
에스라관,수,11,0
에스라관,수,12,9
에스라관,수,13,0
에스라관,수,14,9
에스라관,수,15,0
에스라관,목,1,46
에스라관,목,2,47
에스라관,목,3,46
에스라관,목,4,47
에스라관,목,5,51
에스라관,목,6,41
에스라관,목,7,51
에스라관,목,8,41
에스라관,목,9,0
에스라관,목,10,0
에스라관,목,11,0
에스라관,목,12,14
에스라관,목,13,0
에스라관,목,14,14
에스라관,목,15,0
에스라관,금,1,0
에스라관,금,2,24
에스라관,금,3,18
에스라관,금,4,24
에스라관,금,5,43
에스라관,금,6,17
에스라관,금,7,25
에스라관,금,8,17
에스라관,금,9,0
에스라관,금,10,0
에스라관,금,11,0
에스라관,금,12,0
에스라관,금,13,0
에스라관,금,14,0
에스라관,금,15,0
에스라관,토,1,0
에스라관,토,2,0
에스라관,토,3,0
에스라관,토,4,0
에스라관,토,5,0
에스라관,토,6,0
에스라관,토,7,0
에스라관,토,8,0
에스라관,토,9,0
에스라관,토,10,0
에스라관,토,11,0
에스라관,토,12,0
에스라관,토,13,0
에스라관,토,14,0
에스라관,토,15,0
에스라관,일,1,0
에스라관,일,2,0
에스라관,일,3,0
에스라관,일,4,0
에스라관,일,5,0
에스라관,일,6,0
에스라관,일,7,0
에스라관,일,8,0
에스라관,일,9,0
에스라관,일,10,0
에스라관,일,11,0
에스라관,일,12,0
에스라관,일,13,0
에스라관,일,14,0
에스라관,일,15,0
음악관,월,1,33
음악관,월,2,33
음악관,월,3,0
음악관,월,4,0
음악관,월,5,26
음악관,월,6,26
음악관,월,7,9
음악관,월,8,9
음악관,월,9,6
음악관,월,10,6
음악관,월,11,0
음악관,월,12,0
음악관,월,13,0
음악관,월,14,0
음악관,월,15,0
음악관,화,1,15
음악관,화,2,1
음악관,화,3,16
음악관,화,4,13
음악관,화,5,16
음악관,화,6,33
음악관,화,7,36
음악관,화,8,15
음악관,화,9,21
음악관,화,10,0
음악관,화,11,0
음악관,화,12,0
음악관,화,13,0
음악관,화,14,0
음악관,화,15,0
음악관,수,1,8
음악관,수,2,15
음악관,수,3,15
음악관,수,4,0
음악관,수,5,20
음악관,수,6,18
음악관,수,7,24
음악관,수,8,20
음악관,수,9,0
음악관,수,10,0
음악관,수,11,0
음악관,수,12,0
음악관,수,13,0
음악관,수,14,0
음악관,수,15,0
음악관,목,1,25
음악관,목,2,32
음악관,목,3,20
음악관,목,4,27
음악관,목,5,17
음악관,목,6,17
음악관,목,7,26
음악관,목,8,26
음악관,목,9,18
음악관,목,10,18
음악관,목,11,0
음악관,목,12,0
음악관,목,13,0
음악관,목,14,0
음악관,목,15,0
음악관,금,1,0
음악관,금,2,3
음악관,금,3,3
음악관,금,4,0
음악관,금,5,8
음악관,금,6,8
음악관,금,7,0
음악관,금,8,0
음악관,금,9,0
음악관,금,10,10
음악관,금,11,10
음악관,금,12,0
음악관,금,13,0
음악관,금,14,0
음악관,금,15,0
음악관,토,1,0
음악관,토,2,0
음악관,토,3,0
음악관,토,4,0
음악관,토,5,0
음악관,토,6,0
음악관,토,7,0
음악관,토,8,0
음악관,토,9,0
음악관,토,10,0
음악관,토,11,0
음악관,토,12,0
음악관,토,13,0
음악관,토,14,0
음악관,토,15,0
음악관,일,1,0
음악관,일,2,0
음악관,일,3,0
음악관,일,4,14
음악관,일,5,14
음악관,일,6,22
음악관,일,7,0
음악관,일,8,0
음악관,일,9,22
음악관,일,10,17
음악관,일,11,17
음악관,일,12,0
음악관,일,13,0
음악관,일,14,1
음악관,일,15,1
제1실습관,월,1,112
제1실습관,월,2,129
제1실습관,월,3,86
제1실습관,월,4,46
제1실습관,월,5,260
제1실습관,월,6,184
제1실습관,월,7,107
제1실습관,월,8,128
제1실습관,월,9,48
제1실습관,월,10,85
제1실습관,월,11,0
제1실습관,월,12,0
제1실습관,월,13,49
제1실습관,월,14,0
제1실습관,월,15,0
제1실습관,화,1,216
제1실습관,화,2,55
제1실습관,화,3,205
제1실습관,화,4,199
제1실습관,화,5,207
제1실습관,화,6,135
제1실습관,화,7,182
제1실습관,화,8,153
제1실습관,화,9,62
제1실습관,화,10,132
제1실습관,화,11,0
제1실습관,화,12,97
제1실습관,화,13,35
제1실습관,화,14,0
제1실습관,화,15,0
제1실습관,수,1,85
제1실습관,수,2,66
제1실습관,수,3,166
제1실습관,수,4,98
제1실습관,수,5,218
제1실습관,수,6,117
제1실습관,수,7,183
제1실습관,수,8,90
제1실습관,수,9,25
제1실습관,수,10,80
제1실습관,수,11,0
제1실습관,수,12,0
제1실습관,수,13,0
제1실습관,수,14,0
제1실습관,수,15,0
제1실습관,목,1,111
제1실습관,목,2,228
제1실습관,목,3,134
제1실습관,목,4,232
제1실습관,목,5,89
제1실습관,목,6,224
제1실습관,목,7,66
제1실습관,목,8,169
제1실습관,목,9,5
제1실습관,목,10,80
제1실습관,목,11,0
제1실습관,목,12,0
제1실습관,목,13,0
제1실습관,목,14,0
제1실습관,목,15,0
제1실습관,금,1,114
제1실습관,금,2,63
제1실습관,금,3,120
제1실습관,금,4,57
제1실습관,금,5,0
제1실습관,금,6,54
제1실습관,금,7,0
제1실습관,금,8,54
제1실습관,금,9,0
제1실습관,금,10,0
제1실습관,금,11,0
제1실습관,금,12,0
제1실습관,금,13,0
제1실습관,금,14,0
제1실습관,금,15,0
제1실습관,토,1,0
제1실습관,토,2,0
제1실습관,토,3,0
제1실습관,토,4,0
제1실습관,토,5,0
제1실습관,토,6,0
제1실습관,토,7,0
제1실습관,토,8,0
제1실습관,토,9,0
제1실습관,토,10,0
제1실습관,토,11,0
제1실습관,토,12,0
제1실습관,토,13,0
제1실습관,토,14,0
제1실습관,토,15,0
제1실습관,일,1,0
제1실습관,일,2,0
제1실습관,일,3,0
제1실습관,일,4,0
제1실습관,일,5,0
제1실습관,일,6,0
제1실습관,일,7,0
제1실습관,일,8,0
제1실습관,일,9,0
제1실습관,일,10,0
제1실습관,일,11,0
제1실습관,일,12,0
제1실습관,일,13,0
제1실습관,일,14,0
제1실습관,일,15,0
제2과학관,월,1,36
제2과학관,월,2,153
제2과학관,월,3,62
제2과학관,월,4,127
제2과학관,월,5,132
제2과학관,월,6,60
제2과학관,월,7,131
제2과학관,월,8,61
제2과학관,월,9,23
제2과학관,월,10,35
제2과학관,월,11,0
제2과학관,월,12,10
제2과학관,월,13,0
제2과학관,월,14,0
제2과학관,월,15,0
제2과학관,화,1,157
제2과학관,화,2,113
제2과학관,화,3,202
제2과학관,화,4,90
제2과학관,화,5,181
제2과학관,화,6,125
제2과학관,화,7,159
제2과학관,화,8,127
제2과학관,화,9,2
제2과학관,화,10,12
제2과학관,화,11,0
제2과학관,화,12,10
제2과학관,화,13,0
제2과학관,화,14,0
제2과학관,화,15,0
제2과학관,수,1,47
제2과학관,수,2,123
제2과학관,수,3,76
제2과학관,수,4,148
제2과학관,수,5,123
제2과학관,수,6,170
제2과학관,수,7,158
제2과학관,수,8,107
제2과학관,수,9,50
제2과학관,수,10,0
제2과학관,수,11,0
제2과학관,수,12,0
제2과학관,수,13,0
제2과학관,수,14,0
제2과학관,수,15,0
제2과학관,목,1,53
제2과학관,목,2,86
제2과학관,목,3,53
제2과학관,목,4,36
제2과학관,목,5,102
제2과학관,목,6,39
제2과학관,목,7,45
제2과학관,목,8,32
제2과학관,목,9,0
제2과학관,목,10,0
제2과학관,목,11,0
제2과학관,목,12,0
제2과학관,목,13,0
제2과학관,목,14,0
제2과학관,목,15,0
제2과학관,금,1,11
제2과학관,금,2,120
제2과학관,금,3,11
제2과학관,금,4,120
제2과학관,금,5,20
제2과학관,금,6,71
제2과학관,금,7,20
제2과학관,금,8,64
제2과학관,금,9,7
제2과학관,금,10,0
제2과학관,금,11,0
제2과학관,금,12,0
제2과학관,금,13,0
제2과학관,금,14,0
제2과학관,금,15,0
제2과학관,토,1,0
제2과학관,토,2,0
제2과학관,토,3,0
제2과학관,토,4,0
제2과학관,토,5,0
제2과학관,토,6,0
제2과학관,토,7,0
제2과학관,토,8,0
제2과학관,토,9,0
제2과학관,토,10,0
제2과학관,토,11,0
제2과학관,토,12,0
제2과학관,토,13,0
제2과학관,토,14,0
제2과학관,토,15,0
제2과학관,일,1,7
제2과학관,일,2,0
제2과학관,일,3,7
제2과학관,일,4,0
제2과학관,일,5,0
제2과학관,일,6,0
제2과학관,일,7,0
제2과학관,일,8,0
제2과학관,일,9,0
제2과학관,일,10,0
제2과학관,일,11,0
제2과학관,일,12,0
제2과학관,일,13,0
제2과학관,일,14,0
제2과학관,일,15,0
제3과학관,월,1,43
제3과학관,월,2,22
제3과학관,월,3,16
제3과학관,월,4,5
제3과학관,월,5,37
제3과학관,월,6,4
제3과학관,월,7,37
제3과학관,월,8,25
제3과학관,월,9,21
제3과학관,월,10,0
제3과학관,월,11,0
제3과학관,월,12,0
제3과학관,월,13,0
제3과학관,월,14,0
제3과학관,월,15,0
제3과학관,화,1,0
제3과학관,화,2,40
제3과학관,화,3,0
제3과학관,화,4,40
제3과학관,화,5,0
제3과학관,화,6,47
제3과학관,화,7,0
제3과학관,화,8,37
제3과학관,화,9,10
제3과학관,화,10,0
제3과학관,화,11,0
제3과학관,화,12,0
제3과학관,화,13,0
제3과학관,화,14,0
제3과학관,화,15,0
제3과학관,수,1,16
제3과학관,수,2,21
제3과학관,수,3,15
제3과학관,수,4,10
제3과학관,수,5,21
제3과학관,수,6,10
제3과학관,수,7,15
제3과학관,수,8,21
제3과학관,수,9,0
제3과학관,수,10,5
제3과학관,수,11,0
제3과학관,수,12,0
제3과학관,수,13,0
제3과학관,수,14,0
제3과학관,수,15,0
제3과학관,목,1,26
제3과학관,목,2,15
제3과학관,목,3,26
제3과학관,목,4,5
제3과학관,목,5,47
제3과학관,목,6,37
제3과학관,목,7,37
제3과학관,목,8,11
제3과학관,목,9,48
제3과학관,목,10,0
제3과학관,목,11,0
제3과학관,목,12,0
제3과학관,목,13,0
제3과학관,목,14,0
제3과학관,목,15,0
제3과학관,금,1,0
제3과학관,금,2,15
제3과학관,금,3,0
제3과학관,금,4,15
제3과학관,금,5,0
제3과학관,금,6,12
제3과학관,금,7,0
제3과학관,금,8,12
제3과학관,금,9,0
제3과학관,금,10,0
제3과학관,금,11,0
제3과학관,금,12,0
제3과학관,금,13,0
제3과학관,금,14,0
제3과학관,금,15,0
제3과학관,토,1,0
제3과학관,토,2,0
제3과학관,토,3,0
제3과학관,토,4,0
제3과학관,토,5,0
제3과학관,토,6,0
제3과학관,토,7,0
제3과학관,토,8,0
제3과학관,토,9,0
제3과학관,토,10,0
제3과학관,토,11,0
제3과학관,토,12,0
제3과학관,토,13,0
제3과학관,토,14,0
제3과학관,토,15,0
제3과학관,일,1,0
제3과학관,일,2,0
제3과학관,일,3,0
제3과학관,일,4,0
제3과학관,일,5,0
제3과학관,일,6,0
제3과학관,일,7,0
제3과학관,일,8,0
제3과학관,일,9,0
제3과학관,일,10,0
제3과학관,일,11,0
제3과학관,일,12,0
제3과학관,일,13,0
제3과학관,일,14,0
제3과학관,일,15,0
체육관,월,1,16
체육관,월,2,16
체육관,월,3,12
체육관,월,4,0
체육관,월,5,12
체육관,월,6,0
체육관,월,7,40
체육관,월,8,9
체육관,월,9,31
체육관,월,10,0
체육관,월,11,0
체육관,월,12,0
체육관,월,13,0
체육관,월,14,0
체육관,월,15,0
체육관,화,1,9
체육관,화,2,41
체육관,화,3,9
체육관,화,4,41
체육관,화,5,0
체육관,화,6,60
체육관,화,7,0
체육관,화,8,60
체육관,화,9,0
체육관,화,10,0
체육관,화,11,0
체육관,화,12,8
체육관,화,13,8
체육관,화,14,0
체육관,화,15,0
체육관,수,1,39
체육관,수,2,18
체육관,수,3,44
체육관,수,4,23
체육관,수,5,8
체육관,수,6,8
체육관,수,7,0
체육관,수,8,7
체육관,수,9,7
체육관,수,10,3
체육관,수,11,3
체육관,수,12,0
체육관,수,13,0
체육관,수,14,0
체육관,수,15,0
체육관,목,1,25
체육관,목,2,6
체육관,목,3,31
체육관,목,4,41
체육관,목,5,7
체육관,목,6,43
체육관,목,7,5
체육관,목,8,0
체육관,목,9,0
체육관,목,10,0
체육관,목,11,0
체육관,목,12,0
체육관,목,13,0
체육관,목,14,0
체육관,목,15,0
체육관,금,1,35
체육관,금,2,26
체육관,금,3,10
체육관,금,4,1
체육관,금,5,22
체육관,금,6,6
체육관,금,7,16
체육관,금,8,12
체육관,금,9,0
체육관,금,10,0
체육관,금,11,0
체육관,금,12,0
체육관,금,13,0
체육관,금,14,0
체육관,금,15,0
체육관,토,1,0
체육관,토,2,0
체육관,토,3,0
체육관,토,4,0
체육관,토,5,0
체육관,토,6,0
체육관,토,7,0
체육관,토,8,0
체육관,토,9,0
체육관,토,10,0
체육관,토,11,0
체육관,토,12,0
체육관,토,13,0
체육관,토,14,0
체육관,토,15,0
체육관,일,1,0
체육관,일,2,0
체육관,일,3,0
체육관,일,4,0
체육관,일,5,0
체육관,일,6,0
체육관,일,7,0
체육관,일,8,0
체육관,일,9,0
체육관,일,10,0
체육관,일,11,0
체육관,일,12,0
체육관,일,13,0
체육관,일,14,0
체육관,일,15,0
대강당,월,1,0
대강당,월,2,0
대강당,월,3,0
대강당,월,4,0
대강당,월,5,0
대강당,월,6,0
대강당,월,7,0
대강당,월,8,0
대강당,월,9,0
대강당,월,10,0
대강당,월,11,0
대강당,월,12,0
대강당,월,13,0
대강당,월,14,0
대강당,월,15,0
대강당,화,1,0
대강당,화,2,0
대강당,화,3,0
대강당,화,4,0
대강당,화,5,0
대강당,화,6,0
대강당,화,7,0
대강당,화,8,0
대강당,화,9,0
대강당,화,10,0
대강당,화,11,0
대강당,화,12,0
대강당,화,13,0
대강당,화,14,0
대강당,화,15,0
대강당,수,1,0
대강당,수,2,0
대강당,수,3,0
대강당,수,4,0
대강당,수,5,0
대강당,수,6,0
대강당,수,7,0
대강당,수,8,0
대강당,수,9,0
대강당,수,10,0
대강당,수,11,0
대강당,수,12,0
대강당,수,13,0
대강당,수,14,0
대강당,수,15,0
대강당,목,1,0
대강당,목,2,0
대강당,목,3,0
대강당,목,4,0
대강당,목,5,0
대강당,목,6,0
대강당,목,7,0
대강당,목,8,0
대강당,목,9,0
대강당,목,10,0
대강당,목,11,0
대강당,목,12,0
대강당,목,13,0
대강당,목,14,0
대강당,목,15,0
대강당,금,1,0
대강당,금,2,0
대강당,금,3,0
대강당,금,4,0
대강당,금,5,0
대강당,금,6,0
대강당,금,7,0
대강당,금,8,0
대강당,금,9,0
대강당,금,10,0
대강당,금,11,0
대강당,금,12,0
대강당,금,13,0
대강당,금,14,0
대강당,금,15,0
대강당,토,1,0
대강당,토,2,0
대강당,토,3,0
대강당,토,4,0
대강당,토,5,0
대강당,토,6,0
대강당,토,7,0
대강당,토,8,0
대강당,토,9,0
대강당,토,10,0
대강당,토,11,0
대강당,토,12,0
대강당,토,13,0
대강당,토,14,0
대강당,토,15,0
대강당,일,1,0
대강당,일,2,0
대강당,일,3,0
대강당,일,4,0
대강당,일,5,0
대강당,일,6,0
대강당,일,7,0
대강당,일,8,0
대강당,일,9,0
대강당,일,10,0
대강당,일,11,0
대강당,일,12,0
대강당,일,13,0
대강당,일,14,0
대강당,일,15,0
